[{"Id":2,"Name":"cuadro","ImageUrl":"/imagenes/featuredproducts\\42a6d2a9-90e4-4f73-8ab7-f66d39d23a96.jpeg"},{"Id":3,"Name":"gallo pinto","ImageUrl":"/imagenes/featuredproducts\\604188e9-ba6b-480e-870c-2b7b29291c2c.JPG"},{"Id":4,"Name":"culantro","ImageUrl":"/imagenes/featuredproducts\\1d486c1e-f89c-4114-ba10-d53894addfa4.JPG"},{"Id":5,"Name":"casados","ImageUrl":"/imagenes/featuredproducts\\9451c8db-76f6-41c4-a6fe-c5bcbfe67eeb.JPG"},{"Id":6,"Name":"uvas","ImageUrl":"/imagenes/featuredproducts\\45286716-69e8-42b5-a4d0-dbb7f55b4582.JPG"},{"Id":7,"Name":"frutas frescas","ImageUrl":"/imagenes/featuredproducts\\193bf5cd-e41e-4d5c-af8a-369888b58858.JPG"}]